"labels","5HT1a_cumi_hc8_beliveau","5HT1b_p943_hc65_gallezot","5HT2a_cimbi_hc29_beliveau","5HT4_sb20_hc59_beliveau","5HT6_gsk_hc30_radhakrishnan","5HTT_dasb_hc100_beliveau","GABAa-bz_flumazenil_hc16_norgaard","NMDA_ge179_hc29_galovic"
"7Networks_LH_Vis_1",34.7256170654749,0.481878643072968,46.6410846743367,1.97308883565914,0.327083170103641,4.48367442569786,788.64334895373,6.81949675659057
"7Networks_LH_Vis_2",49.0750520289073,0.477926736930107,47.8398726766563,2.1450671325208,0.385848593529864,6.27924609827155,775.33449907105,6.48026521301216
"7Networks_LH_Vis_3",26.1691973437366,0.63610410037859,46.7245729753998,1.86820297732925,0.369909264141307,3.92841441243294,789.344437794405,7.03542548366692
"7Networks_LH_Vis_4",30.951574352004,0.710747044191409,50.3005108824596,2.03137041262415,0.403947310225375,5.33751957477192,873.384524124133,7.21684816691831
"7Networks_LH_Vis_5",23.7734096630449,0.7697529179689,48.3240311497585,1.89536178336953,0.405218307628198,4.57770558544329,862.050359847258,7.07697614464963
"7Networks_LH_Vis_6",23.2940726850862,0.571822035074666,49.907267715266,1.86501620146455,0.284113503460844,3.94967851081483,763.5091228573,5.88486793091198
"7Networks_LH_Vis_7",31.3897792647404,0.295306056938231,26.7066434641005,1.47346581789358,0.075774238311572,4.62688897789589,570.284855722379,5.50663431130583
"7Networks_LH_Vis_8",30.9702312817712,0.742379996256695,53.7433098757415,2.22691876704707,0.461710132800535,3.87080034444606,781.600069250267,6.41297261320648
"7Networks_LH_Vis_9",15.8624789242386,0.589071526306557,46.4615041123027,1.47499505844019,0.259811868860129,4.35553924756307,833.729982164931,6.97146299400289
"7Networks_LH_Vis_10",19.0775917751674,0.505916694121799,44.160591662177,1.51371221548764,0.183728422498258,4.86860980730504,893.310514319034,6.82068121580406
"7Networks_LH_Vis_11",16.9812779492588,0.848979904352229,48.4943882135507,1.54490475651811,0.188026521399743,4.98497943380697,884.322724815005,7.15013723684171
"7Networks_LH_Vis_12",14.7785270761066,0.59914153546709,50.0234137010101,1.37143390232961,0.200711857486024,4.32026260607575,745.788050798875,4.87588601353522
"7Networks_LH_Vis_13",25.5009016294217,0.202004761261576,24.8704168633363,1.46370751393,-0.064765840183476,4.65571019409209,515.741571960449,5.80926239404557
"7Networks_LH_Vis_14",25.4302889203642,0.826141310901,55.3197059914092,2.02005354227145,0.351536590817158,3.95939096556246,704.008606386683,5.00537632511416
"7Networks_LH_Vis_15",10.417191197098,0.696810622856222,49.7919230712552,1.23400216914238,0.170309717381342,4.60597261226806,807.988613169035,6.00498495393307
"7Networks_LH_Vis_16",19.4192166243026,0.821534665834778,51.9881840777041,1.61156381048373,0.272573300280787,6.36117820241558,899.840694130711,6.90984394309916
"7Networks_LH_Vis_17",32.0800904337844,0.832983792960904,57.5648607239373,2.32986990798318,0.473760624863356,4.60408144319097,784.128397979791,6.24258159131839
"7Networks_LH_Vis_18",10.1195587863786,1.64150153952242,54.2483959261728,1.34922920582118,0.559445738012395,5.5036183898944,1045.22499204049,7.28222148580311
"7Networks_LH_Vis_19",19.8182628686207,1.14043387410278,52.4841338439135,1.82580298201103,0.395128401864707,4.43525525021658,740.992592220125,5.7654310491604
"7Networks_LH_Vis_20",25.4504988707436,0.520988753232529,36.1024268748505,1.73577761856307,0.118689064036325,5.31480496349434,659.619164724536,6.46154604500649
"7Networks_LH_Vis_21",13.2619047463816,1.58402703335008,58.0749182743144,1.59419016944323,0.566752034848633,6.61622892631023,1059.34707238883,7.43491883012865
"7Networks_LH_Vis_22",19.905717742491,1.2490336805321,54.6122144254815,1.77850910853669,0.479785700383827,6.90493523643678,871.90421756932,7.00626458689244
"7Networks_LH_Vis_23",28.7168391732609,0.919946604297143,57.1122036393582,2.34944303043117,0.394304047473335,4.1736648798727,724.748034986797,5.55568001164983
"7Networks_LH_Vis_24",16.0267722943578,0.824384894542967,47.5407836615342,1.66081637616205,0.276007202736273,4.94163077592206,714.286476032442,5.54159342380708
"7Networks_LH_Vis_25",18.0748850954028,0.926645707410257,49.93668365696,1.72169762571154,0.446264510737182,5.740761450786,843.454819099292,6.51816834712048
"7Networks_LH_Vis_26",21.2783990654027,1.10002663264217,55.3276380762808,1.9636628574049,0.554039367804364,6.42883939384855,887.15491031582,7.22400328270651
"7Networks_LH_Vis_27",23.9307062744993,0.934305712671705,57.8760047899677,2.09724450353643,0.400927023384539,4.46911594425592,729.033971907941,6.89703713799967
"7Networks_LH_Vis_28",30.5320722725476,0.962987270713839,57.8674211268204,2.48001344262417,0.413904743301445,3.66426093474396,759.397495248083,5.89752060378779
"7Networks_LH_Vis_29",20.6286154974623,0.62456189990852,45.4643246361616,1.88725381291285,0.232038129034259,4.66539819315001,655.773353657619,4.87507455955849
"7Networks_LH_Vis_30",22.5718772631522,0.783321226407532,48.5396758660792,1.95288595360628,0.411559919431162,4.66774667473141,738.560237561598,6.74110415186802
"7Networks_LH_Vis_31",23.0791797944057,0.716438195144377,49.8389515864996,2.01399124743026,0.329557567877705,3.63990312417348,724.000958862305,5.33658280488033
"7Networks_LH_SomMot_1",34.3778193596893,0.768074513435364,55.1461109224634,2.25461741196826,0.521622684116363,6.80143624617199,853.162965598258,6.59080390849349
"7Networks_LH_SomMot_2",31.5167213826007,0.91157692459766,58.2411464884195,2.37446420227189,0.518962997969358,5.85116949701884,848.900945274063,6.83405237285039
"7Networks_LH_SomMot_3",30.4345075954763,0.584479670867299,51.5792428134948,1.97598086147345,0.38072329051363,9.38760550262392,833.209288351581,7.34310011247214
"7Networks_LH_SomMot_4",44.2914545094334,0.702755724588029,52.1237350992883,2.3709990933037,0.534766063702197,9.52774021555776,887.778914824846,7.44261450158164
"7Networks_LH_SomMot_5",30.0611470180657,0.528389675754288,49.1527454910386,1.98380222448702,0.273300934253254,9.17435365080665,764.699515714224,7.06802634639833
"7Networks_LH_SomMot_6",35.1055451971016,0.930838758253869,60.6881039884706,2.49260465336951,0.50762875472291,5.09257018289819,786.139572309127,6.44198259104251
"7Networks_LH_SomMot_7",28.0828798396829,0.445305321013979,53.263191934954,1.9923912145775,0.259946337869456,6.63278926531056,764.034855425416,7.34753691782375
"7Networks_LH_SomMot_8",39.1697743499583,0.893420405068278,56.0323506158067,2.46728551995653,0.493014432435146,6.73274357325632,904.642309345183,6.92899539628615
"7Networks_LH_SomMot_9",35.2008881424413,1.0936933033284,54.0791729371556,2.24185592063214,0.490602367287068,4.66970688057802,680.042672956398,5.79889338423866
"7Networks_LH_SomMot_10",36.6312130981591,0.910427960696796,55.6697366730429,2.51713715203489,0.500845832429292,6.2229673255729,926.169625886729,7.34989047561772
"7Networks_LH_SomMot_11",35.5893546325771,1.03993645202369,53.9172560246421,2.4521952604496,0.503078264007345,5.00106875329441,741.931624815038,5.78071584283032
"7Networks_LH_SomMot_12",29.6797457396094,1.10202658026482,47.5872618831805,1.8620781038531,0.438613179910228,4.21060166074269,676.446727174841,5.81251259332536
"7Networks_LH_SomMot_13",30.6227340137257,0.962238944503592,45.8664036675182,1.82443278433417,0.296365793975547,4.71096333091521,584.533891174059,4.6057799152396
"7Networks_LH_SomMot_14",25.2165496660315,1.00633832105066,43.9663851833524,1.62005532599126,0.397543562159699,4.7304303326093,806.577603266148,6.84190512915125
"7Networks_LH_SomMot_15",30.0924474212359,0.939650885124152,47.0599200410663,2.06549177552169,0.420217072717393,4.71673328651572,733.262642992674,6.28420871681208
"7Networks_LH_SomMot_16",25.7653810510138,0.9562385778818,47.3544562100234,1.73691025763326,0.342625277808074,4.16444857018819,668.828275657662,5.95442609242978
"7Networks_LH_SomMot_17",22.8480578191706,0.886007675599331,43.7981325070258,1.49352436456237,0.358874275809378,4.77136350843901,757.457032404169,6.31947185613546
"7Networks_LH_SomMot_18",31.0231270610966,0.843572728332914,49.1534123872815,1.91960798158629,0.402541210070541,6.72203472517897,744.805730051683,6.60943338700876
"7Networks_LH_SomMot_19",20.8057471366576,0.836164427968748,40.0050558190287,1.42819530949181,0.316399435599938,3.99994837170766,686.584549504053,6.7159753906553
"7Networks_LH_SomMot_20",20.1554148087653,0.723071204867318,40.6771242188902,1.4006516710187,0.195093718866613,4.68780665936824,638.991568653854,5.3064186679953
"7Networks_LH_SomMot_21",22.2588151619147,0.591837815929637,39.4194616222777,1.59853715619606,0.192507430591027,4.58663448703734,600.925064172769,4.788058514738
"7Networks_LH_SomMot_22",16.7127108035115,0.840215474033647,37.4445563601909,1.34810341448434,0.355354873795112,4.73524733047701,667.687350500198,6.73200389408225
"7Networks_LH_SomMot_23",24.6072611320989,0.754907979268462,38.2535172902468,1.67371782878247,0.427823628355923,5.38032544580034,680.630695932461,6.50865637361365
"7Networks_LH_SomMot_24",24.9940754527777,0.743433004181388,41.6609224238866,1.59560335404436,0.339875206034608,5.29811084841339,680.187744140625,6.58865471633679
"7Networks_LH_SomMot_25",26.8642622831261,0.891934586167631,49.2174959493817,1.7523716351526,0.354965700717655,4.47835014695224,731.858919202667,6.74513691926299
"7Networks_LH_SomMot_26",18.6462371705158,0.717524093050939,38.2506889021474,1.39085304814444,0.269891656052893,3.85195881596725,602.110348149568,5.9641743331538
"7Networks_LH_SomMot_27",25.484340979194,0.642802141917586,46.0337855567033,1.90928386106636,0.267289636316137,3.57484221137333,649.568146317748,5.78308467050377
"7Networks_LH_SomMot_28",17.476768989563,0.687353544021117,36.6797136688232,1.29923659337891,0.251582522490221,4.64555398146312,638.529316775653,6.18766147438708
"7Networks_LH_SomMot_29",21.9630766115136,0.614485144503995,35.9504189338473,1.49325328083987,0.272482658693679,4.34638446207205,624.140253235059,5.21740528166317
"7Networks_LH_SomMot_30",23.9685507848137,0.810464012426678,48.4983211856602,1.66105417039889,0.342043359429869,3.5662427091633,685.21127293866,5.93447414701107
"7Networks_LH_SomMot_31",17.3636864929199,0.728611622243197,30.4537628746033,1.16476135778427,0.244197660455741,3.90442562818527,620.062568540106,6.43596014517479
"7Networks_LH_SomMot_32",21.361822617041,0.556687413955195,32.8978445278835,1.34726243195135,0.226816272321713,4.44989940449676,619.866927238343,6.15953165127543
"7Networks_LH_SomMot_33",21.0828389838338,0.65879360949199,35.1557741358876,1.28104007430375,0.229224479737711,4.24861594960094,638.957687553502,6.42549013165626
"7Networks_LH_SomMot_34",22.5415546961576,0.664978985624461,41.8419682728475,1.50385903623609,0.263131701105557,3.41235667365864,639.574622973306,5.23453511670038
"7Networks_LH_SomMot_35",16.9009818644137,0.72167927297369,32.8897156914563,1.12391355479964,0.262432981596038,4.37488878505529,657.435431676333,5.57619618690311
"7Networks_LH_SomMot_36",21.5162963256293,0.563509057053047,35.2202845015701,1.46334645742482,0.285945351477424,4.30686296771854,621.197735045421,5.09835125566951
"7Networks_LH_SomMot_37",17.2812093127341,0.692035254819526,30.6721440156301,1.12167405230658,0.224482532818284,4.07150743334066,599.073783838805,6.26336471224805
"7Networks_LH_DorsAttn_Post_1",38.2756724495659,0.607706078968158,53.458885198425,2.41150165086484,0.430413283799556,4.10351623687184,791.591904797001,6.85781354333971
"7Networks_LH_DorsAttn_Post_2",37.1472558087399,0.677451368627094,56.9537410929734,2.51901673377315,0.484223793524283,3.68095208681281,767.147644455146,6.85061919303772
"7Networks_LH_DorsAttn_Post_3",39.6670833387658,0.879079419062597,62.503039774947,2.74425206357884,0.555930717045464,3.9167688799576,757.883894102797,6.20592434788624
"7Networks_LH_DorsAttn_Post_4",35.2391247135436,0.837620783094528,59.4548505623184,2.50531175643384,0.479668758889271,4.87275068274515,775.192665855447,6.5640390314407
"7Networks_LH_DorsAttn_Post_5",24.0622889324299,0.770871272899038,50.7962296717375,2.12453915008063,0.421874470903056,3.83067729681441,719.767561123366,7.53709042497918
"7Networks_LH_DorsAttn_Post_6",31.1300013336268,0.761632217595289,52.5230067065268,2.2502407063589,0.285789538137841,4.0546855978442,717.721941280073,5.38069449674139
"7Networks_LH_DorsAttn_Post_7",24.3764174173976,0.831613646376701,49.4705971370394,2.09007171622995,0.464197880420128,3.34818327480528,746.859310395398,7.04434942962523
"7Networks_LH_DorsAttn_Post_8",28.3535456220612,0.777033351173999,46.0558363499532,2.02920053068918,0.40956900690779,4.37279527332947,700.523723053895,6.71397674603003
"7Networks_LH_DorsAttn_Post_9",25.6795065444449,0.636963454491753,52.4703490008479,2.19487883448601,0.325768591669457,3.5735191606957,739.534363163628,6.95483402988612
"7Networks_LH_DorsAttn_Post_10",23.2013152407617,0.828617590663454,46.4510306053555,2.00833151930386,0.461848492191294,3.21702650748577,726.130727143018,6.87956070303342
"7Networks_LH_DorsAttn_Post_11",26.1579215814779,0.714214106752011,43.9503581235697,1.96737767182864,0.366118864004298,4.06876249365754,703.732845547833,6.16398842095729
"7Networks_LH_DorsAttn_Post_12",22.0538621637784,0.75954337927832,42.3501453699813,1.9206967926844,0.39040550621421,3.15933012109628,702.480615304099,5.12141765486835
"7Networks_LH_DorsAttn_Post_13",24.453889651732,0.539610824534043,48.8898637728258,1.99569454975426,0.167926821474022,2.97184447402304,631.366257290546,5.04207472212196
"7Networks_LH_DorsAttn_Post_14",23.8825289835249,0.551501929957279,46.513967099871,1.95214084727424,0.226332787618282,3.00630221060344,630.213335568624,3.97348612729676
"7Networks_LH_DorsAttn_Post_15",26.4705501120929,0.54827380045225,44.2106298124409,1.9838435290611,0.288715808245306,3.28978878613476,633.87532370217,6.1326756219259
"7Networks_LH_DorsAttn_Post_16",25.9765447300722,0.607673022628233,45.2860326845495,1.98784861767499,0.312704074944932,3.24665352628521,656.622783030738,5.75152128111133
"7Networks_LH_DorsAttn_Post_17",26.0465896124025,0.472934526265029,40.9550119440226,1.754248252518,0.221907025562495,3.92417183916239,576.413200046705,5.53499604954482
"7Networks_LH_DorsAttn_FEF_1",27.4875192095402,1.01271705741489,54.0531185991678,1.85718607809847,0.419083120283527,3.62439190889586,729.031816915613,6.49616232379953
"7Networks_LH_DorsAttn_FEF_2",26.6945803786297,0.92860815853943,52.6463176057777,1.93001129919169,0.402063899746573,3.48598386939691,752.841804943587,6.8110231585475
"7Networks_LH_DorsAttn_FEF_3",28.6817236645121,0.848279049581915,56.4961815417652,1.90663429179662,0.333537394203764,3.83759984667872,786.062296036039,6.95798042317457
"7Networks_LH_DorsAttn_FEF_4",27.088581017669,0.809313891387267,53.269433246484,1.88426578691658,0.365842022224501,3.06392265414593,661.117171224728,5.67522377858005
"7Networks_LH_DorsAttn_PrCv_1",32.4865498611775,1.0194775949979,58.1820225167782,2.16981115939769,0.46044940502662,4.1699994168383,771.541084943004,6.39519024234953
"7Networks_LH_DorsAttn_PrCv_2",30.4783264669955,1.09133079033509,57.5920358402938,2.0693536902353,0.453947469474979,3.97148474438399,698.706184295837,5.87832025785331
"7Networks_LH_SalVentAttn_ParOper_1",35.1425068817437,0.899028049176659,56.3733175795188,2.57253421648183,0.478940350327317,4.77071744618512,815.797451828353,6.83925370606335
"7Networks_LH_SalVentAttn_ParOper_2",35.566563912292,0.999495854746588,61.4327117435968,2.67976416106248,0.511269084200748,4.1763453611094,775.282754050064,6.28819887753167
"7Networks_LH_SalVentAttn_ParOper_3",35.8394166320215,0.94210935198463,57.4986519476908,2.57512296725006,0.352838953439584,4.27741661310359,709.919129411144,4.99082507131068
"7Networks_LH_SalVentAttn_ParOper_4",34.7872843963172,0.976263563095403,60.3599586561983,2.67783437362445,0.359441384338309,3.69037005913081,749.546897455023,5.13357417862302
"7Networks_LH_SalVentAttn_TempOcc_1",39.6283689542642,0.864946304525431,64.4455166592045,2.75691044603975,0.494378926485492,4.55998718017833,771.914710044393,6.18315082805794
"7Networks_LH_SalVentAttn_FrOperIns_1",45.2941204944988,0.511760369307664,40.573950882455,2.1995941340988,0.415036557949684,8.04683115427968,666.278910715787,5.98134370085572
"7Networks_LH_SalVentAttn_FrOperIns_2",52.83156264087,0.858610887278164,44.0376949182934,2.28209140613202,0.634746197737643,9.30174678892445,730.980240741805,7.25067889353121
"7Networks_LH_SalVentAttn_FrOperIns_3",39.3718613754392,0.927224777965652,53.7226845406737,2.23502928907959,0.494539029900861,6.7464375483428,937.259997149419,7.63942059764629
"7Networks_LH_SalVentAttn_FrOperIns_4",49.0977514865173,0.687049702273049,49.4428032474136,2.3560509802161,0.595337444547033,9.43381158866919,837.200529550292,6.99589821317894
"7Networks_LH_SalVentAttn_FrOperIns_5",40.9899625017866,0.806873388734225,58.8820334284615,2.32270837617626,0.517493054024012,6.62458170410712,909.549788582517,7.85947448291185
"7Networks_LH_SalVentAttn_FrOperIns_6",45.8267301072561,0.877377859995752,57.731916436546,2.55824924799542,0.668460169312363,7.84652412021467,882.54072479248,7.78997150533331
"7Networks_LH_SalVentAttn_FrOperIns_7",43.2535366231141,1.17107884656375,65.4178393560004,2.52348914212881,0.647713814783318,5.15325235489769,871.514871924815,7.11951818642677
"7Networks_LH_SalVentAttn_FrOperIns_8",40.5383205209605,1.03119992073064,60.876624963013,2.60044442611792,0.583348174742369,5.47401015048875,832.408596120627,6.75575662059793
"7Networks_LH_SalVentAttn_FrOperIns_9",36.191490759805,1.12582917283134,57.9757167994419,2.3584367992722,0.531673679882031,4.38281780314223,843.296229371237,6.4236652642897
"7Networks_LH_SalVentAttn_PFCl_1",33.5022513879733,1.07171972036673,59.6647395932045,2.36246662479759,0.471662408849651,4.39516372647906,769.795732061646,6.08982944044595
"7Networks_LH_SalVentAttn_Med_1",36.4509054442947,1.03592523903801,57.4304183851215,2.31752749000916,0.457000144857627,6.096977980085,857.118428746836,6.70937573554491
"7Networks_LH_SalVentAttn_Med_2",36.833537036186,0.908281820081174,53.8623024811994,2.20813275640105,0.393792530541357,7.26554215009009,794.856228625759,6.39714533512031
"7Networks_LH_SalVentAttn_Med_3",33.9606096758007,0.763441345977406,53.5068127853049,2.29600659349544,0.398345845161927,6.32700815241216,752.890650414639,6.63382698782153
"7Networks_LH_SalVentAttn_Med_4",29.960817185088,1.02029449048322,57.6997939322396,2.04210115045538,0.452254701800654,4.60176235508202,778.47684384741,6.83537934425932
"7Networks_LH_SalVentAttn_Med_5",30.4973536225211,0.73847142133443,52.6217748109603,2.16208460348591,0.458406756504067,4.81706864644331,706.174970556525,6.77531759248311
"7Networks_LH_SalVentAttn_Med_6",28.6291025223939,0.727194147635334,47.7773886058642,2.08860502541065,0.444982669600928,3.91433720303618,742.409117734193,7.08100191641037
"7Networks_LH_SalVentAttn_Med_7",25.9347528145377,0.71100927296496,50.2385063129189,1.78269105516704,0.273615191996516,3.3718277521893,627.794286592924,5.52710173122462
"7Networks_LH_Limbic_OFC_1",40.9362869422529,0.808961319312977,56.3144713584715,2.25924304410732,0.37064447098024,5.76358464665475,743.238845291982,7.07343188610488
"7Networks_LH_Limbic_OFC_2",36.7217088232564,0.780361677090767,56.6404737512774,2.18695931288763,0.371516803948596,6.69395090095102,618.595971090053,7.06239145466524
"7Networks_LH_Limbic_OFC_3",35.0423561292446,0.876846326940186,56.751566821143,2.20253615917671,0.333446558781325,4.14951634100396,693.495729769475,6.57910028104237
"7Networks_LH_Limbic_OFC_4",41.3688352038919,0.825236722150511,50.1842873199247,2.32577503814293,0.352686931321385,6.77149975375657,765.141784718662,6.89739583286771
"7Networks_LH_Limbic_OFC_5",35.5760121625704,0.831018853683324,58.0870541735444,2.30119486551636,0.279950728851675,4.28356291762032,713.343805770022,4.57865536573992
"7Networks_LH_Limbic_TempPole_1",53.3076824718481,0.537311506756887,54.406512931484,2.43917529245137,0.3221289403049,5.04097924914598,499.607002561681,6.97216748146528
"7Networks_LH_Limbic_TempPole_2",60.2994969220163,0.371233486811287,39.2334746506257,2.35666513117351,0.166809787487693,9.2377052675708,421.687805312592,6.47341523943766
"7Networks_LH_Limbic_TempPole_3",55.8933119996664,0.315965687751373,32.0641011378661,2.25140284451992,0.177164410532169,8.7122328287822,405.362156612225,5.843780785618
"7Networks_LH_Limbic_TempPole_4",43.5835630725044,0.651604008964139,60.0356496136261,2.61474946242753,0.383179075538531,3.47275677747601,593.808798288492,6.31489456424421
"7Networks_LH_Limbic_TempPole_5",49.6714570200052,0.515329344797322,53.388084087567,2.3537968850675,0.472097379148366,5.63430851778165,667.949602408724,7.05754258834819
"7Networks_LH_Limbic_TempPole_6",51.6404210402016,0.529981236185383,50.5494723145391,2.61329288562037,0.430786407921468,5.64283969808327,563.233956295091,6.44093824896813
"7Networks_LH_Limbic_TempPole_7",52.1588354829568,0.41496173336291,37.311598921541,2.20795629551662,0.279224459205537,8.78087290247881,524.994677499826,6.1704704524338
"7Networks_LH_Limbic_TempPole_8",45.1358810986858,0.040778003343088,20.4733975136556,1.61850796823963,-0.06707413124008,5.44153438205586,344.008995204456,4.59699443712797
"7Networks_LH_Cont_Par_1",28.2698754751554,0.921124681666971,57.5756464558263,2.43452623428837,0.433329412454226,3.3943725603883,781.050270781702,6.11170890684922
"7Networks_LH_Cont_Par_2",32.6847792243648,0.782240358595887,60.6152272340351,2.62108702462535,0.134254490165941,3.34908366048742,664.871085984636,3.94472380326036
"7Networks_LH_Cont_Par_3",31.5413809658859,0.854534909387718,57.8413465753565,2.52421195283899,0.323536593196395,3.24826410862025,690.935528739043,5.10116821513916
"7Networks_LH_Cont_Par_4",26.9680092639923,0.844614222467681,60.2491860847473,2.40611780583859,0.426121009595595,3.30216138219833,743.732679097017,6.19640432868693
"7Networks_LH_Cont_Par_5",26.4828072917255,0.883732308746333,60.0933869202013,2.4032555122596,0.495789363748946,3.27914794286092,776.911923187952,6.61584409339199
"7Networks_LH_Cont_Par_6",31.0472888848553,0.830161863096303,56.8299630798706,2.32069420283788,0.466310994168016,3.25493323006859,800.972843703403,6.53630309456075
"7Networks_LH_Cont_Temp_1",42.0560671495266,0.824985485455636,63.5777120385559,2.76944610207889,0.603539707601017,3.5003662090189,723.240022520717,6.04056101721743
"7Networks_LH_Cont_OFC_1",37.5765750585398,0.912726230304609,63.2262060719152,2.38708774287771,0.388966460311286,4.19595543649387,739.715973260632,6.79844768100923
"7Networks_LH_Cont_PFCl_1",33.1720545390421,0.979645220840444,59.7451749691293,2.31752236431295,0.461025956943475,4.16200234791464,718.654259795655,5.64327787320354
"7Networks_LH_Cont_PFCl_2",30.7194271948104,1.20522029595313,56.6714643737835,2.16834219839992,0.53199044464074,4.55865557749469,767.677372484322,6.00543325141946
"7Networks_LH_Cont_PFCl_3",31.9609971740258,1.12495760640888,59.9642981599878,2.33451193255722,0.505815322815326,4.44614997553447,793.685830358224,5.87106343563843
"7Networks_LH_Cont_PFCl_4",32.7371231734229,1.03694341962074,58.6021618562586,2.31020378018651,0.475811484820595,4.55556222858906,768.080525380581,5.61162362505717
"7Networks_LH_Cont_PFCl_5",31.7812495687991,1.13115456976486,56.780347162001,2.26885240076739,0.522899024173289,4.44016600419867,783.000011166537,5.99038254622667
"7Networks_LH_Cont_PFCl_6",29.3266473506152,1.05716265746528,56.4368521941202,2.09560914728235,0.457731943425884,4.38516697949391,802.725504150039,6.38301894882778
"7Networks_LH_Cont_PFCl_7",27.2551392060787,0.921405659274508,54.4897475340461,2.00577691250395,0.357392280354785,4.06342323501524,772.474133344691,7.12663205271159
"7Networks_LH_Cont_PFCl_8",32.8438488509629,1.05217990464626,59.9016515934424,2.27136166017134,0.499909992640118,3.98143545804006,727.297076517891,5.62323887923112
"7Networks_LH_Cont_PFCv_1",49.1487735031937,0.983553084183712,48.1522472355223,2.2746687786233,0.56352414056094,8.57226804104818,738.649824794622,7.58736091059484
"7Networks_LH_Cont_pCun_1",22.3432125288939,0.607777710988791,50.8385498381573,2.05062196935926,0.27803213973949,3.34305593079738,687.536098622319,5.50269275899709
"7Networks_LH_Cont_pCun_2",24.9984952747275,0.746722654951119,51.2623045291376,2.16278257719967,0.488243837671461,3.25051237136946,746.48967538707,6.81043707678842
"7Networks_LH_Cont_Cing_1",27.9716358330414,0.588800689692781,38.8154781817177,1.82219961278008,0.230647931443747,7.10642449910404,730.643937831684,5.40132572587995
"7Networks_LH_Cont_Cing_2",14.8143590417105,0.463762964311987,40.7755256937951,1.44176585324032,0.099398930846714,5.08246764165839,765.866716084826,5.61272752659663
"7Networks_LH_Cont_PFCmp_1",29.8100111368126,1.02515465003244,60.0888190359853,2.09023034771169,0.495410493304915,3.57086873588584,754.713775622355,6.4890543769367
"7Networks_LH_Default_Temp_1",47.1669987438651,0.661511950646386,59.265122338601,2.73639645938041,0.569414228003359,3.86917255987112,667.959851185776,6.5273759044129
"7Networks_LH_Default_Temp_2",44.3114709698078,0.735624243190884,63.4960505470822,2.80949377701515,0.57695903811752,3.65611161545873,687.782052682499,6.47269828342747
"7Networks_LH_Default_Temp_3",42.8575432642705,0.737380895087003,62.1653687486092,2.74409280326182,0.516877845668148,3.48251278126532,735.246670082992,6.42113823924332
"7Networks_LH_Default_Temp_4",44.2516774731113,0.739334547102191,61.3218602417471,2.77479905486382,0.578791363113318,4.21635834365025,753.98433705387,6.80406295144839
"7Networks_LH_Default_Temp_5",44.5596194064418,0.60186500658324,54.8322146163554,2.61608761192716,0.476457259683826,6.107019951219,672.004957647289,6.25673576363131
"7Networks_LH_Default_Temp_6",43.2884240425144,0.920213621083393,67.6299043521102,2.88930131061391,0.590242916204683,4.064535271646,755.926036106555,6.8534796790915
"7Networks_LH_Default_Temp_7",40.1453890519177,0.746360572233374,58.1144819245922,2.56003776488544,0.496945812803912,4.60478058684644,757.651269177356,7.08878595946375
"7Networks_LH_Default_Temp_8",39.1730244763419,0.78432463356014,58.8054806173104,2.71144661243381,0.547949865900051,5.34523217514349,802.817107281087,6.19189107262133
"7Networks_LH_Default_Temp_9",36.5993333648233,0.945357724498699,59.2834664849674,2.64374856195029,0.577626450002126,5.09889164987732,777.872803251339,6.22623533820935
"7Networks_LH_Default_Temp_10",38.4151929731849,0.731186299814522,59.9112677320302,2.61864972526221,0.474441411000576,4.87209342160671,804.20424218952,7.08476861971602
"7Networks_LH_Default_Par_1",37.6385960040232,0.979640433372918,60.3667835570778,2.75903855183135,0.5172478735978,4.837255114292,798.137148635332,6.01769413287725
"7Networks_LH_Default_Par_2",35.1551517636823,0.745066678035476,58.4163862599847,2.5546349991333,0.462250717791324,4.61415045944815,745.962016885931,7.16924007084698
"7Networks_LH_Default_Par_3",33.2862099901916,0.836547927602723,57.4552069494004,2.66957021829603,0.332832780681752,3.65521966069748,689.545375158323,5.25288224797476
"7Networks_LH_Default_Par_4",34.1885135764402,0.905320020530102,57.1463396115341,2.62480830986617,0.519247862357317,3.94252786299693,786.905130421337,6.58408046756695
"7Networks_LH_Default_Par_5",35.5824736109556,0.980640273787765,60.3619969135194,2.78522627560172,0.461309766035483,4.02399356862691,764.27436134568,5.43520364876098
"7Networks_LH_Default_Par_6",32.6135363044886,0.763929121329279,59.5729169051291,2.64881368283073,0.226701049120717,3.47022267947589,676.487392792689,4.64682469788823
"7Networks_LH_Default_Par_7",30.2269034404528,0.78757197437085,57.3546592501312,2.5414576505955,0.24785393649239,3.30109722039445,676.051901961557,4.51456174460188
"7Networks_LH_Default_PFC_1",34.0832163714155,0.84919654050989,55.3304737368716,2.08603132398685,0.486356223415689,5.95237991820819,694.570731759634,6.46503156363994
"7Networks_LH_Default_PFC_2",32.8003961338716,1.0214940503866,60.260159415617,2.24855615526503,0.475175131656295,4.43782757777794,790.15734187259,7.08734779596428
"7Networks_LH_Default_PFC_3",34.0350150835788,1.01953295172838,57.7159855378125,2.24270628610304,0.518649041090272,4.53941296011187,805.261795388869,6.71851102914947
"7Networks_LH_Default_PFC_4",40.9391198978806,0.828419209767023,55.2657833863887,2.35140976217095,0.46244023054822,6.64748373011844,907.879779726726,6.89560022246758
"7Networks_LH_Default_PFC_5",31.4291377035391,0.948515825968745,55.6155058285485,2.17619889998726,0.486963735137513,4.52128801075553,675.460470126311,6.28372071400832
"7Networks_LH_Default_PFC_6",34.8838507003501,1.08196716633849,59.5447626184797,2.38609333087077,0.452652798478958,4.516795309946,819.861639793496,5.90917854313973
"7Networks_LH_Default_PFC_7",31.9245468500092,1.12048863333263,58.9003136757023,2.16702285543372,0.545478603085966,4.92948097558045,747.531380353655,6.62904095185011
"7Networks_LH_Default_PFC_8",35.1421020953976,0.977855400018778,58.1501581203171,2.20586980183919,0.521391354150895,4.19667932192485,747.400441728253,6.39054870012968
"7Networks_LH_Default_PFC_9",39.174339722228,1.04581776933857,58.4335644720803,2.35412891484252,0.542276196068172,5.36217486400439,886.250159998521,6.81043849827434
"7Networks_LH_Default_PFC_10",34.2921804914988,1.18585825599491,59.3722228878834,2.22084846451913,0.546497465244886,4.54542134260405,690.850936529205,5.66448739387109
"7Networks_LH_Default_PFC_11",33.1903703862971,0.71002321513481,55.2824927449043,2.17747067505112,0.269395606928241,4.29192958296907,667.357159907824,3.89352111378092
"7Networks_LH_Default_PFC_12",36.3200968749029,1.01210951503164,53.4335164246955,2.2394965374257,0.462504480228458,5.95798485717448,845.011563678762,6.75703037844466
"7Networks_LH_Default_PFC_13",33.6758031660284,0.92466443126159,57.4745069906844,2.17436171282038,0.484913525118759,3.76164204852099,684.032032681514,5.90082408154618
"7Networks_LH_Default_PFC_14",32.1846649308409,0.757734316262907,55.5330586281284,2.15577058036729,0.343513526727419,3.83228935030821,618.353572998748,4.46415400053487
"7Networks_LH_Default_PFC_15",32.1481747334292,0.984618746394428,56.7871602941773,2.21057994328025,0.446614621514196,4.1394928969299,722.029941748087,5.57272942682433
"7Networks_LH_Default_PFC_16",31.5108512185928,1.03526076681253,59.6533077115903,2.22826108577244,0.485840809805728,3.76322709751029,838.478723649789,6.7231012894813
"7Networks_LH_Default_PFC_17",28.7764644632416,0.919035894349512,58.0183319968562,2.07234795752072,0.456899579834311,3.38092399676961,672.678883559712,4.33182433272986
"7Networks_LH_Default_PFC_18",29.8047681058891,0.567548109473675,58.2819338030388,2.09867443718335,0.25891185907691,3.11568011128949,561.542561992233,4.50538844249564
"7Networks_LH_Default_PFC_19",30.1630349085579,0.940931007745711,58.1675617324091,2.1447536751367,0.452321778792062,3.22493471789925,705.270790324331,5.88182766629503
"7Networks_LH_Default_PFC_20",27.3964504657148,0.992190472505291,54.4239693362697,1.96739294334334,0.442368074451927,3.50646525045641,715.839649700197,5.62403089766777
"7Networks_LH_Default_PFC_21",27.4397742305715,0.949447529490507,59.9634477227955,2.07253506962134,0.437889623133451,3.3352329911713,707.56636438666,5.80903097310689
"7Networks_LH_Default_PFC_22",28.1908606330268,0.915104854429774,56.5713638250776,2.07211813617953,0.422941375045823,3.25440438428371,734.960104691355,6.39091734272421
"7Networks_LH_Default_PFC_23",28.5936083958067,0.782403793614074,60.6930101570042,2.09698601837816,0.358227087228654,3.10310423757838,652.195533237886,5.40803696165816
"7Networks_LH_Default_PFC_24",27.1082046250242,0.825030516639397,56.2627389819387,1.93277860630423,0.385529011467455,3.2500869683505,688.703944925944,5.89474553620933
"7Networks_LH_Default_pCunPCC_1",21.3713243680569,0.523759526240555,48.4374603523245,1.8464885653153,0.097026812941175,4.86825661422852,721.711479681386,6.75068349904899
"7Networks_LH_Default_pCunPCC_2",25.006041208903,1.01861464509397,55.3822581591698,2.25888996972139,0.553422220629202,5.63325808379184,837.39679203477,7.57587409869668
"7Networks_LH_Default_pCunPCC_3",26.12743700205,0.778120526454633,59.9846432943048,2.31410346082401,0.423055515873798,5.44690802558225,891.60843087961,7.25271243715653
"7Networks_LH_Default_pCunPCC_4",14.9566881024108,0.434273860986524,42.1622891182802,1.56850301991312,0.237047660732381,4.34814390783407,754.327906577003,6.11106996663958
"7Networks_LH_Default_pCunPCC_5",23.4006736352815,0.999092554076853,52.7722437796281,2.22274799969927,0.589911553562558,4.53113608504061,852.961682586391,7.59371257741851
"7Networks_LH_Default_pCunPCC_6",27.4904579230245,0.938994988029352,60.9062949557808,2.46276433217866,0.622351586648821,4.85647570066665,902.828939185646,7.47674297567118
"7Networks_LH_Default_pCunPCC_7",29.6504235031341,0.80569188996508,60.6247879425786,2.46538265021056,0.527221415492345,5.56784629458242,852.102192729509,6.94769743430042
"7Networks_LH_Default_pCunPCC_8",32.9879455714454,0.911278606093089,61.5934527916557,2.56539660283541,0.554183703497984,5.80797845402788,936.584877222965,7.39779304938195
"7Networks_LH_Default_pCunPCC_9",34.9560699002862,0.86649651228026,59.600844452244,2.47967182727382,0.405910498340983,7.13227677831844,860.352315432334,6.78447175305193
"7Networks_LH_Default_pCunPCC_10",23.6589667717616,0.907366478643498,55.1677723725637,2.21785069654385,0.597906301527464,3.70847162952026,838.774319645162,7.22775136352034
"7Networks_LH_Default_pCunPCC_11",29.4628790631352,0.883537925888148,55.4300214037838,2.37320964953986,0.596351626549091,4.4462320659175,820.322255954694,7.65417968431784
"7Networks_RH_Vis_1",36.7756914378054,0.591921751073167,47.7982522042881,2.01206962993082,0.413376406525867,4.62717571834569,657.538814838451,6.72816968414423
"7Networks_RH_Vis_2",46.6988811857363,0.483567467417385,39.2724158368934,2.01394654390405,0.444321580199327,6.06966802346014,711.730031403261,6.29094270805664
"7Networks_RH_Vis_3",29.7270280386997,0.716371435441008,46.7622866041824,1.91700155675842,0.439707553222639,3.88219552354656,800.802557211546,6.93061119422976
"7Networks_RH_Vis_4",25.7923785588574,0.781532200201979,51.0254109121283,1.9705529123728,0.38288037753641,3.90696254344901,795.176615424778,6.64419625984724
"7Networks_RH_Vis_5",31.5096469782843,0.708893977111821,50.4316351061384,2.0467372110086,0.419692759116987,5.2458512948313,875.243886311849,7.0990371346074
"7Networks_RH_Vis_6",21.9571253463671,0.778023509250581,48.4372633824491,1.78419500230814,0.419793632980143,4.23206853259565,867.875822910043,6.98985680712082
"7Networks_RH_Vis_7",29.6491064414261,0.271274099264688,27.0345187490513,1.52721522522706,0.18430893295965,5.06693786043124,509.141274539395,5.50771150199799
"7Networks_RH_Vis_8",16.3590943786112,0.901230765674576,50.0934938392271,1.48162920753405,0.382427249897751,4.05183291874819,853.15174853998,6.97861484985616
"7Networks_RH_Vis_9",34.4986336684,0.812372719815467,54.5788567305894,2.29540747830727,0.3691322239878,3.61050364721596,713.660744235701,6.19460791967164
"7Networks_RH_Vis_10",26.9348612245506,0.510290803947942,55.1604493489721,1.98945000603896,0.022796017326132,3.5679020808081,632.174568888079,4.60027497147689
"7Networks_RH_Vis_11",17.0556309573889,0.965989081737206,50.055567055295,1.53153709033165,0.333938019668875,4.99876432384587,905.417762086344,6.98754229755861
"7Networks_RH_Vis_12",19.5195317405977,0.722012691727832,45.3117330533719,1.51601587048463,0.310967731934664,4.81031793477381,797.988393417152,6.83714959652998
"7Networks_RH_Vis_13",17.9853253113914,0.867259709815616,50.393385497583,1.44742709620985,0.159588821325215,3.83707057742698,702.169341896668,5.05180105015808
"7Networks_RH_Vis_14",26.7519290871852,0.373286081323093,32.2526645086789,1.59250993987491,0.252905944361946,5.89518722120376,700.060372424774,6.3046177314102
"7Networks_RH_Vis_15",10.0148673875537,1.35495571628139,51.7129916727708,1.30167350197778,0.389056798099331,4.88453041974823,886.279442410376,6.42665381283141
"7Networks_RH_Vis_16",32.9807958683839,0.899633459224916,57.1367977538911,2.34069172412031,0.4165280894068,4.32479957534367,780.015171562604,6.54786082441678
"7Networks_RH_Vis_17",26.8032334720567,0.253090073120515,33.2468128489162,1.75661963685416,0.149108017715582,5.45374123837429,685.893600903256,6.22924867338084
"7Networks_RH_Vis_18",23.2395310308751,0.945746062595468,53.8630509136555,1.96217476502899,0.297246917987245,4.02109133851394,759.709966997809,5.86830002249468
"7Networks_RH_Vis_19",12.9821723925149,1.46072098752115,58.3741578406688,1.58050312568826,0.536426981450568,6.39048673648306,1045.04172951027,7.40270026637524
"7Networks_RH_Vis_20",19.9662404625447,0.724461247091644,55.355772721303,1.74350365580289,0.276333997621479,7.35687978468932,903.92383776213,6.59515112644041
"7Networks_RH_Vis_21",14.784944196904,0.945608993555593,46.9101711101294,1.48659090810631,0.138132768424108,4.1778622288489,697.020942748316,4.79175006109074
"7Networks_RH_Vis_22",29.7239372142624,0.944247195536924,57.2140320612087,2.38879368251348,0.2272957285891,4.06431465362435,757.705855418638,5.88526326673374
"7Networks_RH_Vis_23",16.1467815572381,0.955149763674494,47.6287938106332,1.64449531596453,0.255786313490762,4.67094297201407,730.859497529444,5.50276033128536
"7Networks_RH_Vis_24",22.5115520513221,0.831120634473405,58.4940733191085,1.99805946372551,0.470017453823006,7.15132907155442,901.618428382292,7.13034506094472
"7Networks_RH_Vis_25",18.8488760801216,1.06051289331884,50.2105073114136,1.7547285774445,0.542153693950113,5.59200161705464,864.704617809388,7.12305217255454
"7Networks_RH_Vis_26",21.8621290331461,0.975626790907534,52.3376483355533,2.01316167099375,0.338907498149896,4.35253425917461,692.724761152014,6.08416304780038
"7Networks_RH_Vis_27",28.0869543438866,0.958130645719681,57.9289832909902,2.42915974320873,0.359576288666407,3.99508608877659,739.95927855471,6.45045723423351
"7Networks_RH_Vis_28",24.0402856123082,0.914063667257627,51.9078264660934,1.92003253930636,0.473433459608671,5.27558480856091,716.102622806487,6.93736283193577
"7Networks_RH_Vis_29",20.5051472289197,0.616322451826087,45.0252105003695,1.82292069303184,0.131199089043072,4.41054200589354,599.766469126405,4.37665318187667
"7Networks_RH_Vis_30",22.676610827682,0.959074522261641,49.8428628940393,2.08013202742775,0.394130192755461,4.07028214058073,723.826263611475,6.29716755322459
"7Networks_RH_SomMot_1",39.2430382937304,0.635587953642773,52.445353111263,2.41266648852768,0.420014205691665,6.4169986671282,700.156006593853,5.98454968043612
"7Networks_RH_SomMot_2",36.6738999868127,0.77265929843448,57.7912700131367,2.59643214679273,0.432359311086963,5.10276772506264,774.892902585505,6.49432769732494
"7Networks_RH_SomMot_3",29.4540536491443,0.935310924673289,57.2891617646209,2.21144175083577,0.503174993908504,6.12080655468618,870.833457687448,7.1159606078229
"7Networks_RH_SomMot_4",36.4458143406467,0.793652438844731,50.2219116139453,1.99203725222631,0.466774698152067,8.59218512117558,833.202976263486,7.12837123345858
"7Networks_RH_SomMot_5",42.3335558056261,0.790662615351001,48.0783476030998,2.15869650344529,0.531961024855384,9.20944844934929,852.279488474034,7.35100586026193
"7Networks_RH_SomMot_6",32.8935180384451,0.675419081038294,45.9503858176826,1.78721069322207,0.406893007672177,9.57834836949853,764.588411515543,7.37618656708425
"7Networks_RH_SomMot_7",32.1346109563654,0.95749130391574,61.5145572433119,2.40163840369561,0.461702471547799,5.16515056047307,799.341849035407,6.88642327189913
"7Networks_RH_SomMot_8",34.6330914987949,0.833770159552549,58.3341876410653,2.56895276720141,0.344115948353132,4.57646604722419,742.659532879369,5.97652347966921
"7Networks_RH_SomMot_9",36.4245273613491,0.716596028813115,49.3967604373862,2.11577059593669,0.420484150848883,8.44155338790519,877.62496042352,7.20284374572248
"7Networks_RH_SomMot_10",29.1728425835466,0.859643321542447,50.3774445816826,2.01635755166036,0.389203297451446,7.19919663373899,780.451212004414,7.36869816084178
"7Networks_RH_SomMot_11",38.2739969333315,0.976736697834386,52.6073061794383,2.42182548463118,0.529672173258562,6.08419528116291,914.097542052338,7.03565223957124
"7Networks_RH_SomMot_12",36.4512957396619,0.962323453904881,56.7602695352089,2.3334908291804,0.445984916486065,4.48412339801808,715.411610913258,6.05864131858719
"7Networks_RH_SomMot_13",35.8329641777172,0.955873311533699,51.9101088228282,2.39077368256641,0.473643124961325,6.0853272265161,935.480945854856,7.2000147312903
"7Networks_RH_SomMot_14",36.1324909018098,0.85193066512979,50.8623902574718,2.32394766447355,0.363745450683807,4.74105025881486,715.567340680271,6.00383908433216
"7Networks_RH_SomMot_15",29.7906944936813,0.676382736176217,50.7421672536539,1.84466610107248,0.132334785226973,3.2726117987611,519.626388355538,4.33781314921097
"7Networks_RH_SomMot_16",28.6616669791085,0.95790494525752,44.1565260845682,1.67202834564707,0.282962837364806,4.03740321805018,679.968266020299,5.87684059412277
"7Networks_RH_SomMot_17",32.9481379577705,0.993159158055301,47.5227008295489,2.10231202303826,0.287666534697835,4.21778533319095,726.100271435184,5.84183220028794
"7Networks_RH_SomMot_18",23.7722886255182,1.00589968658804,40.9771238338728,1.54929436993745,0.341901739883059,3.73520634481512,692.936733607113,6.55074582969241
"7Networks_RH_SomMot_19",29.8279401859634,0.998888733511398,44.3365993831057,1.91281294526888,0.368049990355011,4.20112513490114,714.497345319974,6.39324154624835
"7Networks_RH_SomMot_20",34.2353643858728,0.770194393092936,49.375631742241,2.16539811496892,0.227056351033124,7.04964303970337,720.247236668026,6.44059919604843
"7Networks_RH_SomMot_21",22.6164128812439,0.824322110663723,41.3521768800881,1.39733025017341,0.189775905480368,4.23389595880637,615.101930186951,5.3845950863159
"7Networks_RH_SomMot_22",21.2413238796257,0.933157185593499,39.8632473488531,1.43019154904157,0.282718108584603,3.61425616219199,642.471173876114,6.47033175006613
"7Networks_RH_SomMot_23",23.642812175199,0.664975553346752,37.5787309851528,1.56613579651048,0.174832538874788,4.05016706526772,578.035167838735,5.01308147550408
"7Networks_RH_SomMot_24",28.7000190313592,0.893065898045535,45.6563757092649,1.79969521420112,0.371816202672123,6.10035278254408,731.916823725255,6.76984101241852
"7Networks_RH_SomMot_25",18.8989426951478,0.86850186449861,37.0989180405935,1.31376017586908,0.267215423289709,4.31545736133189,670.583333204451,6.64861042745848
"7Networks_RH_SomMot_26",19.3118417473513,0.719512732200217,37.2857677925073,1.39437032042499,0.206245228789902,3.69679364385038,558.324585762589,5.85602004258701
"7Networks_RH_SomMot_27",21.8259736170872,0.745756896496761,36.427805852547,1.50630597545089,0.300539090391451,4.12865744649077,647.393850579726,6.14644356821131
"7Networks_RH_SomMot_28",25.5324431679926,0.634922630378654,45.0780217856248,1.93194489390528,0.283690228935717,3.29539425493235,643.885964445166,5.28915940953331
"7Networks_RH_SomMot_29",19.0729382438381,0.715448890972738,36.8700135258863,1.29280400080402,0.208872596490549,4.43927458167946,608.809815985071,6.26168912109209
"7Networks_RH_SomMot_30",22.7957236464061,0.780567595845836,37.889338258713,1.47038072773388,0.322018843295586,5.26615904106034,647.95633007754,6.4879131128441
"7Networks_RH_SomMot_31",25.9577640268213,0.824672276710844,50.6977419550921,1.70250185793894,0.344822753822419,3.54559444113499,653.844507988963,6.01480022169745
"7Networks_RH_SomMot_32",21.8683345483274,0.631082971096982,33.5196706032266,1.36986911085998,0.328746950158626,4.80446748246952,624.610726483437,6.15535215756534
"7Networks_RH_SomMot_33",17.6157071265515,0.768137938177979,30.2256256403713,1.18150107462438,0.230261922524021,3.85578181922093,629.521432674632,6.11473429306893
"7Networks_RH_SomMot_34",18.7824099598585,0.744679456064565,33.2142503079135,1.13250269172689,0.248220762465914,4.34883702965085,629.876407684621,5.70274678674142
"7Networks_RH_SomMot_35",22.4550199707349,0.647772506392153,34.6125415563583,1.43808953811725,0.276664113326904,4.2484696611762,621.941388401735,5.17135564566281
"7Networks_RH_SomMot_36",25.846160752278,0.804022744111302,45.7442168886356,1.71759978569325,0.311712878331789,3.44158100053482,655.059197835596,5.72097081100165
"7Networks_RH_SomMot_37",26.1782549619675,0.345958140768144,40.5662432403888,1.73222011896008,0.274658561251757,3.77336841063984,559.4055833831,4.71582696142933
"7Networks_RH_SomMot_38",20.3242562618452,0.654194162565559,36.2114608744985,1.29044264604136,0.274251844430489,4.36197879560215,588.485368813177,6.34546913472373
"7Networks_RH_SomMot_39",20.3676956019253,0.658011105209318,38.1064711510235,1.35683167016758,0.28361826774907,3.7579671138483,604.81578862467,5.45348711545519
"7Networks_RH_SomMot_40",18.8910738502146,0.448234529227218,32.1072596378936,1.12048394849904,0.187565473191904,4.80651966066853,560.771403235645,5.38951983309299
"7Networks_RH_DorsAttn_Post_1",36.2052405109627,0.795876302389795,54.9189471962669,2.34441903371145,0.478884427423002,3.75098924561152,725.626221379285,6.60732314333626
"7Networks_RH_DorsAttn_Post_2",40.5579880536172,0.88208727655383,60.8425637332349,2.68226159155613,0.36677209311305,3.84211671710177,728.522931641538,5.91975913899
"7Networks_RH_DorsAttn_Post_3",35.9696285067122,0.95514696102325,56.6968748502097,2.51289925200052,0.441856053280125,4.46745807565379,790.971722084211,6.62246697662382
"7Networks_RH_DorsAttn_Post_4",32.0172935109685,0.931817836094579,59.6273216644156,2.68934755054445,0.053212984563062,3.41608870387205,697.950824018397,4.73352201022811
"7Networks_RH_DorsAttn_Post_5",26.1049507009572,0.884875933247277,52.7725723529684,2.24015872560698,0.480596192717443,3.57125437045919,676.570392747191,7.21362711754239
"7Networks_RH_DorsAttn_Post_6",35.67450930567,0.868960987328753,56.3893874146684,2.38304791392044,0.30459231598627,3.29631485162391,704.811749797678,6.16793729131943
"7Networks_RH_DorsAttn_Post_7",21.6076326073541,0.470167968547647,47.9352212524414,1.97866037845612,0.131097525626817,3.64717798338996,593.163349945421,3.73823827695236
"7Networks_RH_DorsAttn_Post_8",27.7822645773515,0.757174355217699,52.2433715118869,2.08620630688871,0.376770173353047,3.30992861148392,717.119434837823,5.59088925452955
"7Networks_RH_DorsAttn_Post_9",31.1952356901623,0.843492928456039,48.1557996768043,2.08851749238514,0.383933299356494,3.59190711293902,747.728275064455,7.16683036919674
"7Networks_RH_DorsAttn_Post_10",26.1145464909228,0.758051795311845,54.8019781088527,2.24561855113959,0.360011438741446,3.18546903133392,724.635557189844,5.29276892980987
"7Networks_RH_DorsAttn_Post_11",25.8142889139521,0.840829956832648,50.613549156028,2.09894434397231,0.386535617416805,3.16409708402328,740.7191637418,6.54069380793245
"7Networks_RH_DorsAttn_Post_12",23.9315499529388,0.733707459300762,48.0868883723157,2.0299028048492,0.351190464628972,2.99549762142598,704.452946901918,5.84530480847537
"7Networks_RH_DorsAttn_Post_13",26.2755338409801,0.716655221244418,43.9667310092395,1.91202198134528,0.331993096614099,3.54037599378582,698.65909084976,6.58339592030081
"7Networks_RH_DorsAttn_Post_14",23.7482292419434,0.788738329697088,48.7942097045899,2.04353547058105,0.389019714638775,3.0577384557724,726.806804094337,6.15276322955508
"7Networks_RH_DorsAttn_Post_15",22.8427047298047,0.648514175153352,49.7364838228936,2.06568262657953,0.396904606407134,3.13701017839969,625.555718842844,5.42456001381682
"7Networks_RH_DorsAttn_Post_16",23.4507061047917,0.698382678174282,46.1643764087795,1.98713332791383,0.311652627265483,2.91405488239115,677.800578956317,5.63106382211284
"7Networks_RH_DorsAttn_Post_17",27.0338712950806,0.699039680850982,49.3244935241346,2.07244690167289,0.455866395088662,3.27896506822,704.84577959532,6.30589570129221
"7Networks_RH_DorsAttn_Post_18",24.8600737374926,0.412452710499978,47.437277915995,2.02024090441446,0.263495156078955,2.78656287924953,554.023066246932,5.23381957631707
"7Networks_RH_DorsAttn_Post_19",25.3593117931433,0.523326194209488,46.1927426789936,1.99520578258916,0.257964546670154,3.22112370415738,614.914102978503,5.02246307446858
"7Networks_RH_DorsAttn_FEF_1",25.3779840638652,1.01024566664774,53.9064951375627,1.78539199201313,0.347257552845504,3.38403993668641,676.170912645865,6.35037866356688
"7Networks_RH_DorsAttn_FEF_2",26.5933531003121,0.957387614475106,51.125058913372,1.80893345356458,0.314985497755075,3.42181386162308,759.854941401422,6.82051803087198
"7Networks_RH_DorsAttn_FEF_3",27.286330092187,0.870203762037939,49.0353035000344,1.7717905662914,0.361684916074222,3.2742597580806,666.653099115516,5.75359181309096
"7Networks_RH_DorsAttn_PrCv_1",32.9138187379428,1.15286390268943,57.3057571690772,2.02827040560513,0.471434404431345,3.84652591411174,822.682484034883,6.91245395078309
"7Networks_RH_SalVentAttn_TempOccPar_1",40.2692919878279,1.01823974960741,64.3536097891671,2.80027535711016,0.475903407578203,4.37381333814349,797.145974420041,6.63554724928617
"7Networks_RH_SalVentAttn_TempOccPar_2",35.6178488166411,0.866624251232572,55.5961261767347,2.54780917145065,0.437041564199002,4.73407708864076,790.359767994128,7.16420428380366
"7Networks_RH_SalVentAttn_TempOccPar_3",37.1242312980625,0.99743630016878,58.5473771449113,2.75875175167731,0.360420184467708,4.041430256392,744.680094589833,5.93992035163505
"7Networks_RH_SalVentAttn_TempOccPar_4",35.651103471528,0.94345788900519,57.7064997976097,2.54097969625851,0.430594927917983,4.36554911810872,764.238554809841,6.56820964824422
"7Networks_RH_SalVentAttn_TempOccPar_5",36.8824826640847,1.01088545847204,55.1498998329963,2.61643494316089,0.431327627599587,4.60221375083482,783.396036267421,6.06842442264021
"7Networks_RH_SalVentAttn_TempOccPar_6",35.735111638297,0.759147273601879,54.9424401004758,2.51153309682829,0.083411652919415,3.35984474199008,625.414372203553,4.97748526212006
"7Networks_RH_SalVentAttn_TempOccPar_7",34.7791942546854,0.845212091115667,57.3015840129093,2.65812513268546,0.082123229821302,3.20985126069268,686.191103624032,5.01801722339938
"7Networks_RH_SalVentAttn_PrC_1",30.035378491326,1.05370204417818,57.2723116518846,1.95445362218046,0.369658118826732,3.43074071435411,662.818269957428,5.92120397369036
"7Networks_RH_SalVentAttn_FrOperIns_1",49.2902043353572,0.662902134034328,31.4494916609265,1.87361757194605,0.38271432154869,9.08942800058106,594.339461323517,6.76810240461821
"7Networks_RH_SalVentAttn_FrOperIns_2",51.3664580830734,1.09574597960643,45.2606500644442,2.24593175979192,0.578473591702519,8.31000666591445,771.766393499172,7.14256789092448
"7Networks_RH_SalVentAttn_FrOperIns_3",50.4970865606451,0.791033162962676,45.5557381620213,2.3630801138221,0.50665189554444,9.58450825279262,760.784187528671,7.06929066764839
"7Networks_RH_SalVentAttn_FrOperIns_4",50.8148682264412,1.05523690206639,49.9687620630804,2.53051943823976,0.670522160957314,9.26475024133358,883.930357779672,7.39864857820151
"7Networks_RH_SalVentAttn_FrOperIns_5",38.2451783417855,1.12366597841146,57.4047651335727,2.1250793376651,0.530922590058104,5.73754851941377,853.606022601437,7.66556751906568
"7Networks_RH_SalVentAttn_FrOperIns_6",43.1993825750368,0.9866071861207,55.6582800018421,2.2789752285045,0.540953490719563,6.97390184523184,861.561989798764,7.60388289284779
"7Networks_RH_SalVentAttn_FrOperIns_7",40.676587393842,1.10524272090588,60.8816603541158,2.43170483315705,0.554843835188886,4.85683332121307,814.702112695208,6.68069450871716
"7Networks_RH_SalVentAttn_FrOperIns_8",35.0110234291977,1.16615999529236,59.1857452068268,2.23127117255796,0.524938532222084,3.96386629564729,813.153531043289,6.71007711105217
"7Networks_RH_SalVentAttn_PFCl_1",32.4051797651994,1.13492525349864,57.6323775949404,2.18577288157093,0.416596142230297,3.89371757870442,741.987572361449,6.17249276451456
"7Networks_RH_SalVentAttn_Med_1",35.8210711848419,1.02748371956886,55.1184558087746,2.18504743060443,0.414457583777696,5.75673277306873,830.652616870765,6.78900940963473
"7Networks_RH_SalVentAttn_Med_2",34.4011428706836,0.925897105260098,53.2404165757869,2.15176100700695,0.341792951593507,6.65997404183073,794.721655342368,6.55264139851289
"7Networks_RH_SalVentAttn_Med_3",33.3499394783192,0.776378099398828,61.5712003600126,2.46686514201811,0.331905047337887,5.51633201345886,771.195029107546,6.77118077647006
"7Networks_RH_SalVentAttn_Med_4",27.6657295723869,0.976928715470811,53.8167703786226,1.87737464148758,0.460097005535179,3.73214532834892,738.453362408121,6.53773668602637
"7Networks_RH_SalVentAttn_Med_5",28.2204651857546,0.752282075325882,52.0525612223627,2.10461217612288,0.430553031598019,4.29284449147928,712.102918073553,6.84791567670803
"7Networks_RH_SalVentAttn_Med_6",27.5906566599725,0.71904390713893,39.594265031143,1.76854460969777,0.370572896638192,5.85707592376521,660.116084937359,6.68913373937634
"7Networks_RH_SalVentAttn_Med_7",26.1104712269887,0.837841205601721,47.4715680194502,1.73081432310473,0.369975759841547,3.96915073354705,670.162606253215,6.35596623689166
"7Networks_RH_SalVentAttn_Med_8",27.9094648057136,0.711214873946132,52.6803166043931,1.87690054834753,0.315216267607962,3.29505140159441,619.03453998112,4.77288348777228
"7Networks_RH_Limbic_OFC_1",39.7939291526176,0.818642925387435,54.496986630414,2.24710261834634,0.340267334170801,6.14353890045269,709.84417185178,7.3870109845008
"7Networks_RH_Limbic_OFC_2",37.32344247529,0.842882208840204,54.9335250877612,2.09036481409362,0.327513912271377,7.0019773942774,620.322870110653,7.10295809251226
"7Networks_RH_Limbic_OFC_3",36.3725262854167,0.924221345484856,56.102571258226,2.17784465355808,0.289297934701418,3.87410983508657,669.373739090965,6.75601011773304
"7Networks_RH_Limbic_OFC_4",32.8972674694928,0.912109264545647,56.5851389754902,2.02378551607782,0.336544749019592,3.7869460420175,690.570809137565,6.80203913408169
"7Networks_RH_Limbic_OFC_5",39.1479236531241,0.811005312033856,50.2242142948291,2.3304118170691,0.288346956075863,5.98932793101603,664.119649623025,7.05434694818948
"7Networks_RH_Limbic_OFC_6",35.3813871514374,0.832655222686416,58.9700668693194,2.22960260586085,0.260949598723525,4.01188590729297,653.863009678404,5.27479979129215
"7Networks_RH_Limbic_TempPole_1",57.0586759230056,0.451860636519385,41.7522822001705,2.24935517162338,0.262748072256229,7.74508557787549,408.195900788178,6.56044657994503
"7Networks_RH_Limbic_TempPole_2",45.9904365783204,0.658870103451075,52.7925610509937,2.41561464216419,0.349838432473085,3.91591646533288,554.563084652287,7.01350707055888
"7Networks_RH_Limbic_TempPole_3",51.5941183924076,0.403890820900019,47.8868534605707,2.41573781212371,0.330189440019401,6.44000000426518,522.91453847357,6.6484314238883
"7Networks_RH_Limbic_TempPole_4",51.6846619010915,0.565210063964033,49.2943093525074,2.22644062768815,0.485406493657307,5.96599510477212,607.209563452229,6.82727522754909
"7Networks_RH_Limbic_TempPole_5",50.4895844364771,0.39729880505609,36.681305778455,2.04883289725281,0.285412926840156,9.20526304718808,480.872803669268,6.23282480011726
"7Networks_RH_Limbic_TempPole_6",40.7014732040853,0.765351264373116,54.950986691904,2.46762244982802,0.409699238845809,3.78781551669071,665.043069893973,6.55143493067737
"7Networks_RH_Limbic_TempPole_7",50.4291839455321,0.254066476998786,18.1562667468971,1.73451355408123,0.039250074361401,6.06656133523025,315.321609974532,4.90331484547877
"7Networks_RH_Cont_Par_1",32.1704045912282,0.768839516878507,57.5368094743499,2.5608780116409,0.117402936897858,3.14667887885336,685.589344675646,4.64596229094927
"7Networks_RH_Cont_Par_2",32.2095312622772,0.713567122875304,57.8880911202266,2.5501035841032,0.188522330553817,2.9654983484882,639.206680663958,4.78346167371439
"7Networks_RH_Cont_Par_3",28.1144094543984,0.849021706088426,59.9297910235968,2.41128243620843,0.351103153642734,3.06925764374684,727.132729181522,5.73241721027887
"7Networks_RH_Cont_Par_4",33.0559771630778,0.607120157845692,54.7794295287269,2.31464597258012,0.181644387557889,2.99601780616075,641.60192174667,4.96050607569855
"7Networks_RH_Cont_Par_5",29.0519758872761,0.94300661918325,59.6345659866783,2.40048253512804,0.506966624367403,2.96159019029913,780.916724132696,7.00681655831202
"7Networks_RH_Cont_Par_6",28.042579933635,0.863521663046966,60.1697214829294,2.34459133691955,0.437436757941042,3.00631327942798,736.155598623458,6.40442449872806
"7Networks_RH_Cont_Temp_1",42.0324841120206,0.813823413641024,60.2185683883648,2.7160635992891,0.453641795133,3.5037167304949,691.551211979078,6.40498999458414
"7Networks_RH_Cont_Temp_2",41.1350049387906,0.841852623753284,60.3103350789154,2.72435336311658,0.464074936833587,3.57166325954642,713.20112683072,6.05346038939434
"7Networks_RH_Cont_PFCv_1",41.3640318499902,1.12923560061287,48.8368966589849,2.05351148252924,0.550648832367483,7.08462138831876,824.870084780289,7.64170969997311
"7Networks_RH_Cont_PFCl_1",35.2925513516996,0.913358090835411,63.5416947724658,2.29536591267141,0.249202825706766,4.07237731960047,745.621071916978,6.06822950912235
"7Networks_RH_Cont_PFCl_2",32.7499461721418,1.05806103174197,59.6296216754553,2.29012068761225,0.248787352129701,3.8715526886171,731.637439507098,5.83684573032436
"7Networks_RH_Cont_PFCl_3",32.8829460514075,1.12641255236671,57.7475069271404,2.23918873979231,0.35986112825678,4.23414165836303,777.315786222874,5.91012647638213
"7Networks_RH_Cont_PFCl_4",31.2872841053322,1.12869781462519,57.5717445561143,2.24866534393342,0.387824886486255,4.25940936706105,733.115750247971,5.96139845154833
"7Networks_RH_Cont_PFCl_5",31.3764691248133,1.12981470876069,58.7004455924034,2.22450542802343,0.323650173860866,3.9537730491846,723.386483094881,5.84787128712812
"7Networks_RH_Cont_PFCl_6",30.100083079155,1.09723319623419,54.3342090760114,2.05915283481207,0.426917665215329,4.14946001909769,736.75035725356,6.01229708775844
"7Networks_RH_Cont_PFCl_7",28.2793137836054,1.13235028108697,53.3696087583711,1.96903459432256,0.459448185133732,4.12722083561531,794.531807881631,6.54006920926555
"7Networks_RH_Cont_PFCl_8",33.1833830933395,0.997585966845802,56.5399660564347,2.17598150590324,0.294765811327769,3.87086527999332,703.265813687456,5.74429725189862
"7Networks_RH_Cont_PFCl_9",30.010162848062,1.00851927131261,55.9343345542394,2.0580446709465,0.307481927823028,3.77211384005855,710.375329299737,5.69075076516476
"7Networks_RH_Cont_PFCl_10",27.5873189435501,1.0190802453648,52.6192535029969,1.87320890408358,0.448437925132838,3.84788310974583,794.837387899197,7.19920983054655
"7Networks_RH_Cont_PFCl_11",30.9326795683622,1.00553278297285,57.5712541685819,2.12672089505273,0.2441718356738,3.56617237706138,674.780041292146,5.51933940747934
"7Networks_RH_Cont_PFCl_12",28.4010757139684,0.962648258744813,55.2458194190934,1.95124608319422,0.27098975842436,3.20457969720547,667.374816952151,5.09782560876902
"7Networks_RH_Cont_PFCl_13",27.0862822800963,1.02409819225249,53.9138699123914,1.88542817516835,0.328277263771412,3.12229314019861,662.039834462211,5.65679813049111
"7Networks_RH_Cont_PFCl_14",28.7310660361773,0.880553617984438,56.4544004413019,1.94589899253187,0.244098543389273,2.97031986919247,641.649011810833,5.61389147555925
"7Networks_RH_Cont_PFCl_15",27.5364942262039,0.925463756213669,53.1523419642402,1.87751571754448,0.385858412425509,3.01368085768479,688.444082931645,6.05703126710413
"7Networks_RH_Cont_pCun_1",22.5679038903761,0.889237560340867,51.5057227383212,2.14066477767078,0.518332221945171,4.25832203820447,788.266045523813,6.91620736840235
"7Networks_RH_Cont_pCun_2",25.3781225867086,0.885132058230644,55.362458247643,2.29988086533237,0.58319191820045,3.77850173626627,816.042160986938,7.27402394528234
"7Networks_RH_Cont_Cing_1",13.6056782443925,0.305268129825783,41.0071258469383,1.42753935240873,-0.00636416226904,4.79263129730036,755.498418109792,5.56293659593709
"7Networks_RH_Cont_Cing_2",24.3160456604272,0.510376938954074,36.3160882877115,1.72241788193627,0.14588001115521,6.78547773473074,737.207306065781,5.74808761758988
"7Networks_RH_Cont_PFCmp_1",34.7940830363168,1.07227486001067,55.2276709715525,2.185826205545,0.494099343352069,5.00295744919115,848.133198354058,7.11353354983854
"7Networks_RH_Cont_PFCmp_2",28.3319796310382,1.02662736310905,55.4919561295027,2.00540372997187,0.498530405714571,3.33901132526023,754.193531542326,6.70558965884572
"7Networks_RH_Default_Par_1",37.5249973067754,0.914075481227249,60.3085766019701,2.64176481434062,0.438531692194379,4.29515015513082,789.997315604732,6.77523011495658
"7Networks_RH_Default_Par_2",33.6986247095568,1.01430286068312,57.4096865886457,2.49286054034012,0.449991663862089,4.03204654371554,780.349507261687,6.77999557821879
"7Networks_RH_Default_Par_3",35.3439604926992,0.977584582732828,57.5978216926257,2.62815163629474,0.4481094360444,3.87386351465075,782.974944892402,6.68346353513929
"7Networks_RH_Default_Par_4",35.5041675694361,0.965329642926339,56.9542022654384,2.64165407795447,0.399501604136474,3.55817970445386,752.272391627385,6.53826065412531
"7Networks_RH_Default_Par_5",30.9427502059624,0.855940821578692,58.1521421302839,2.5941278782172,0.188342769603258,3.19601221029921,697.048077050325,5.10221523132016
"7Networks_RH_Default_Temp_1",47.5697335848381,0.588317187090815,53.4486395845382,2.5520535969853,0.439328658527652,4.72923966499658,620.650890468811,6.68622402300913
"7Networks_RH_Default_Temp_2",45.4825438076475,0.64246018358709,60.7687369587188,2.68625790949807,0.387576978288977,3.71418461340165,651.29330173109,6.50207414381402
"7Networks_RH_Default_Temp_3",46.6260829586811,0.476923421741007,49.3467225181628,2.50638255647071,0.365789913047392,6.99669044516807,576.725603124415,6.25746842592727
"7Networks_RH_Default_Temp_4",42.7962820471289,0.786089502116819,57.7764246833516,2.63512343850365,0.555462482306055,4.9141703267786,777.626063055325,7.026298632991
"7Networks_RH_Default_Temp_5",43.1040722165384,0.909863306099386,67.7204407582843,2.83709562976151,0.462980945865098,3.99617526665839,758.525895949693,7.04739741823046
"7Networks_RH_Default_Temp_6",39.1945181312801,0.758142409476724,55.9244826534759,2.45673654064442,0.400231367055281,4.64593373304643,750.131221131073,7.28506389414528
"7Networks_RH_Default_Temp_7",43.184872034922,1.01137706267516,67.8378311281114,2.8466753643485,0.482515803565495,4.13033201407354,771.791669979334,6.75313956980307
"7Networks_RH_Default_Temp_8",36.9498566553203,0.853659797431289,56.5668351164241,2.51220391934048,0.404221195177584,4.93500639662035,782.961816141838,7.36834235346815
"7Networks_RH_Default_PFCv_1",33.8609506786055,0.904849095823689,52.9430797054132,1.99131134135742,0.397829135020346,6.41294957526061,675.512783946428,6.58451469163949
"7Networks_RH_Default_PFCv_2",31.9399328964196,1.06972611985785,60.233469218877,2.12481809508988,0.440460876091104,4.70312495806511,807.457504132472,7.17584412322471
"7Networks_RH_Default_PFCv_3",30.9320003444971,0.955249606395543,56.8305893485723,2.15130865365657,0.405536566472593,4.42391835979499,681.003643830142,6.41383227874423
"7Networks_RH_Default_PFCv_4",33.1979320988511,0.9853135409139,56.5077813310426,2.10750779427835,0.445396275201347,4.21344625106966,711.144226018223,5.81999241782256
"7Networks_RH_Default_PFCdPFCm_1",38.8411824243352,0.940934553761946,53.9630838580405,2.27699843586609,0.486567554036359,5.42100978505445,861.344299192435,7.11873386370528
"7Networks_RH_Default_PFCdPFCm_2",33.277763671875,0.731010662180833,56.0193170415705,2.12657233862443,0.293333131553028,3.9582357229753,630.821769805027,4.96377975896718
"7Networks_RH_Default_PFCdPFCm_3",39.5121984232571,0.97675885309674,48.4674519220113,2.17896424231864,0.476079134535552,5.95284046398724,891.640431526272,6.81747836987457
"7Networks_RH_Default_PFCdPFCm_4",34.7594803307444,1.03002921128172,53.7594814281746,2.18793326399009,0.530649868164884,3.96730406718888,792.196080611134,6.74665309775246
"7Networks_RH_Default_PFCdPFCm_5",33.8462049637026,0.740890684690912,55.0393767241135,2.16419111568372,0.12697205348128,3.97980079011431,662.231371671399,4.42431448214566
"7Networks_RH_Default_PFCdPFCm_6",30.5318435101997,0.691770465900835,35.5472864851238,1.76433407568087,0.269078028285771,6.7580135375496,712.031722774485,5.50223778847292
"7Networks_RH_Default_PFCdPFCm_7",31.5432343079676,0.731811132927169,55.5711193586294,2.0591532989182,0.323802121848127,3.32455235910314,587.972801085954,5.27034697874741
"7Networks_RH_Default_PFCdPFCm_8",32.0504079057748,0.825632386118701,56.5312038284291,2.12620823055747,0.288480594705102,3.39793458534986,693.028054626525,5.07741424688167
"7Networks_RH_Default_PFCdPFCm_9",29.1543998366052,0.940485321180264,56.9925070459192,1.99990781794556,0.477032154587179,3.11224885301834,689.033877700381,6.46471345908051
"7Networks_RH_Default_PFCdPFCm_10",30.2823278443528,1.11121828688165,57.1920207831149,2.04908133000485,0.466147749946309,3.29944533459184,775.922636858927,6.69733153739244
"7Networks_RH_Default_PFCdPFCm_11",28.7988783781277,0.633601921322292,57.4463989407409,2.05984475382687,0.204682180292152,2.98639219389685,612.078151511927,4.95625105893615
"7Networks_RH_Default_PFCdPFCm_12",27.3488475232406,0.961933423937024,55.6264838965184,1.93600466440749,0.373593488153147,2.91848418102407,697.687394499779,6.15310423906893
"7Networks_RH_Default_PFCdPFCm_13",28.1594406653381,0.802215542726429,56.3716817243497,1.98293567589462,0.367962681736106,3.15879943094129,658.251113036139,5.80270170902437
"7Networks_RH_Default_pCunPCC_1",25.082457659316,0.530731366859823,49.7751199202563,2.11814272633235,0.32140721025803,5.53467652361089,793.810218700996,7.21221488191444
"7Networks_RH_Default_pCunPCC_2",14.1245635427747,0.283678787091689,39.8522047097342,1.44185130272593,0.137218745308415,3.92509885787964,685.146460893858,6.07664406916169
"7Networks_RH_Default_pCunPCC_3",26.1725960818961,0.719811295446499,53.8639181378627,2.26620670541405,0.476847314892351,5.3689444491957,826.207267564597,7.54016022383476
"7Networks_RH_Default_pCunPCC_4",27.4831816467968,0.753065994417911,59.3380309333339,2.31603526235849,0.435175605201367,5.36700931621953,875.358670917278,7.25876692462004
"7Networks_RH_Default_pCunPCC_5",28.1948243654691,0.972269140573254,61.1526167590802,2.45820724303906,0.63326646680907,4.78782350026644,924.535376354368,7.67651806273713
"7Networks_RH_Default_pCunPCC_6",30.7371843508024,0.801565924039804,62.5464261163639,2.52160542025093,0.426852139358851,5.72072287340204,883.47544158042,7.20662971806895
"7Networks_RH_Default_pCunPCC_7",33.2386980657359,0.832893553045708,61.6798866213733,2.53299725070861,0.324954557313543,6.72042223030071,879.568004728619,7.1233745561066
"7Networks_RH_Default_pCunPCC_8",28.4666186201996,0.801977931560361,61.0697217899329,2.42351813808512,0.475817924904798,4.68845887111528,752.385034489143,7.23093410286692
"7Networks_RH_Default_pCunPCC_9",29.071985003659,0.876799082019591,55.8172503169037,2.3308466744593,0.574119724127469,4.29239757223839,826.37729073147,7.34458649898437
